group,category_or_mask,count,min,max,mean,median,std,p05,p25,p75,p95
GCC_HOTSPOTS,<2 ft,140,2.3,16.84,8.51,8.9,3.14,3.45,5.84,10.76,13.52
GCC_HOTSPOTS,2–3 ft,1,15.63,15.63,15.63,15.63,0.0,15.63,15.63,15.63,15.63
GCC_HOTSPOTS,3–5 ft,73,1.18,16.36,8.65,9.2,3.74,2.33,5.87,11.49,14.0
GCC_HOTSPOTS,>5 ft,19,2.13,17.85,7.92,7.49,3.67,2.96,5.42,9.56,13.38
GCC_HOTSPOTS,ALL_VALID_SAMPLES,233,1.18,17.85,8.54,8.81,3.41,3.15,5.76,11.03,13.92
NRSC_MASK_INSIDE,NRSC_PIXELVALUE_1,98753,-12.0,42.13,16.66,15.88,,2.63,,,32.86
NRSC_MASK_OUTSIDE,NRSC_PIXELVALUE_1,1269858,-12.0,65.43,15.73,14.22,,0.0,,,32.75
NRSC_MASK_INSIDE,NRSC_PIXELVALUE_13,66205,-0.01,17.95,8.38,8.79,,2.9,,,12.49
NRSC_MASK_OUTSIDE,NRSC_PIXELVALUE_13,1302406,-12.0,65.43,16.17,15.0,,0.0,,,32.95
NRSC_MASK_INSIDE,NRSC_NONZERO_COMPOSITE,164380,-12.0,42.13,13.35,10.08,,2.73,,,31.5
NRSC_MASK_OUTSIDE,NRSC_NONZERO_COMPOSITE,1204231,-12.0,65.43,16.13,15.0,,0.0,,,32.96
