distance_meters,location,inundation_level,inundation_ft,vulnerability,latitude,longitude
340.2,"Kaviya Garden, CRR Puram Phase III, Purachi Thalivi Nagar, Bhell Nagar, Dharmarajapuram, Sathiya Nagar, Astalakshmi Avenue and Sedhu Lakshmi Avenue, River view colony",Low Vulnerability less than 2 feet,<2ft,Low Vulnerability,13.019,80.1817
544.5,"Kaviya Garden, CRR Puram Phase III, Purachi Thalivi Nagar, Bhell Nagar, Dharmarajapuram, Sathiya Nagar, Astalakshmi Avenue and Sedhu Lakshmi Avenue, River view colony",Low Vulnerability less than 2 feet,<2ft,Low Vulnerability,13.021,80.1823
654.2,"Kaviya Garden, CRR Puram Phase III, Purachi Thalivi Nagar, Bhell Nagar, Dharmarajapuram, Sathiya Nagar, Astalakshmi Avenue and Sedhu Lakshmi Avenue, River view colony",Low Vulnerability less than 2 feet,<2ft,Low Vulnerability,13.0111,80.1795
709.6,"Kaviya Garden, CRR Puram Phase III, Purachi Thalivi Nagar, Bhell Nagar, Dharmarajapuram, Sathiya Nagar, Astalakshmi Avenue and Sedhu Lakshmi Avenue, River view colony",Low Vulnerability less than 2 feet,<2ft,Low Vulnerability,13.0188,80.1768
802.8,"Kaviya Garden, CRR Puram Phase III, Purachi Thalivi Nagar, Bhell Nagar, Dharmarajapuram, Sathiya Nagar, Astalakshmi Avenue and Sedhu Lakshmi Avenue, River view colony",Low Vulnerability less than 2 feet,<2ft,Low Vulnerability,13.0229,80.1854
1273.5,Amman nagar,Very High Vulnerability Above 5 Feet,>5ft,Very High Vulnerability,13.0255,80.1896
1481.1,Royala nagar,Very High Vulnerability Above 5 Feet,>5ft,Very High Vulnerability,13.0291,80.1863
1656.1,Bakthi vedhandha avenue,Very High Vulnerability Above 5 Feet,>5ft,Very High Vulnerability,13.0305,80.187
1816.7,"Kaviya Garden, CRR Puram Phase III, Purachi Thalivi Nagar, Bhell Nagar, Dharmarajapuram, Sathiya Nagar, Astalakshmi Avenue and Sedhu Lakshmi Avenue, River view colony",Low Vulnerability less than 2 feet,<2ft,Low Vulnerability,13.0133,80.1663
1932.9,Bharathi salai,High Vulnerability 3 to 5 Feet,3 to 5 ft,High Vulnerability,13.0325,80.1765
